<?xml version="1.0" encoding="UTF-8"?>
<project-private xmlns="http://www.netbeans.org/ns/project-private/1">
    <editor-bookmarks xmlns="http://www.netbeans.org/ns/editor-bookmarks/2" lastBookmarkId="0"/>
    <open-files xmlns="http://www.netbeans.org/ns/projectui-open-files/2">
        <group>
            <file>file:/C:/Users/evely/OneDrive/Documentos/ListaLTII/ListaDeLT/src/questao6/Principal6.java</file>
            <file>file:/C:/Users/evely/OneDrive/Documentos/ListaLTII/ListaDeLT/src/questao8/Principal8.java</file>
            <file>file:/C:/Users/evely/OneDrive/Documentos/ListaLTII/ListaDeLT/src/questao7/Principal7.java</file>
            <file>file:/C:/Users/evely/OneDrive/Documentos/ListaLTII/ListaDeLT/src/questao7/Vendedor.java</file>
        </group>
    </open-files>
</project-private>
